{"loss": [0.02050827443599701, 0.016370883211493492, 0.014811493456363678, 0.01351275946944952, 0.013516594655811787, 0.012754677794873714, 0.011905801482498646, 0.011811573058366776, 0.01186283864080906, 0.012216184288263321, 0.011663002893328667], "val_loss": [0.1462206244468689, 0.04973457753658295, 0.10108140856027603, 0.02310561202466488, 0.00840356107801199, 0.008185295388102531, 0.016121767461299896, 0.02864077500998974, 0.016540639102458954, 0.0230589359998703, 0.012607185170054436]}