{
    "epoch": [1, 2, 3, 4, 5, 6, 7, 8, 9, 10, 11, 12, 13, 14, 15, 16, 17, 18, 19, 20],
    "loss": [0.5713, 0.5429, 0.5405, 0.5400, 0.5394, 0.5381, 0.5362, 0.5347, 0.5336, 0.5323, 0.5313, 0.5301, 0.5288, 0.5280, 0.5276, 0.5267, 0.5258, 0.5249, 0.5242, 0.5231],
    "mean_squared_error": [0.5134, 0.4983, 0.4973, 0.4973, 0.4960, 0.4931, 0.4896, 0.4861, 0.4842, 0.4817, 0.4797, 0.4782, 0.4758, 0.4746, 0.4742, 0.4726, 0.4717, 0.4707, 0.4700, 0.4683],
    "val_loss": [0.5530, 0.5499, 0.5501, 0.5500, 0.5509, 0.5479, 0.5463, 0.5453, 0.5438, 0.5428, 0.5431, 0.5432, 0.5426, 0.5407, 0.5420, 0.5415, 0.5411, 0.5404, 0.5403, 0.5403],
    "val_mean_squared_error": [0.5440, 0.5499, 0.5514, 0.5505, 0.5510, 0.5431, 0.5386, 0.5359, 0.5325, 0.5313, 0.5325, 0.5330, 0.5313, 0.5295, 0.5323, 0.5318, 0.5318, 0.5313, 0.5314, 0.5322],
    "lr": [0.0010, 0.000999, 0.000997, 0.000994, 0.000990, 0.000985, 0.000979, 0.000972, 0.000965, 0.000956, 0.000946, 0.000936, 0.000925, 0.000913, 0.000900, 0.000887, 0.000873, 0.000858, 0.000843, 0.000827]
}
