{"loss": [0.723422646522522, 0.7209214568138123, 0.7192661762237549, 0.7187322974205017, 0.7180216908454895, 0.7171687483787537, 0.716854453086853, 0.7170742154121399, 0.7167256474494934, 0.7168744206428528, 0.7164602279663086, 0.7161577343940735, 0.7163699865341187, 0.7156793475151062, 0.7155176401138306], "mean_squared_error": [1.2437740564346313, 1.2393968105316162, 1.234035611152649, 1.2370107173919678, 1.2336548566818237, 1.2314873933792114, 1.2308861017227173, 1.2323013544082642, 1.2319117784500122, 1.2351477146148682, 1.23135244846344, 1.2306782007217407, 1.2335737943649292, 1.2291216850280762, 1.2307151556015015], "val_loss": [0.7733036875724792, 0.7697526216506958, 0.7687385678291321, 0.7673814296722412, 0.767800509929657, 0.7669680118560791, 0.7702569365501404, 0.7649750113487244, 0.7646868228912354, 0.7603805065155029, 0.76627516746521, 0.7623721957206726, 0.7616374492645264, 0.7644108533859253, 0.7599681615829468], "val_mean_squared_error": [1.681422472000122, 1.6733382940292358, 1.6621241569519043, 1.6753119230270386, 1.6764163970947266, 1.6688592433929443, 1.6841626167297363, 1.6554781198501587, 1.6480261087417603, 1.6295560598373413, 1.6662923097610474, 1.6474419832229614, 1.6432207822799683, 1.6610697507858276, 1.6330807209014893], "lr": [