{"loss": [0.7333765625953674, 0.7204871773719788, 0.7174683213233948, 0.7157952785491943, 0.7171744108200073, 0.7130320072174072, 0.7099331617355347, 0.701341450214386, 0.6876636147499084], "val_loss": [0.7211096882820129, 0.7270040512084961, 0.7113586664199829, 0.7104155421257019, 0.7193027138710022, 0.7613483667373657, 0.7552081346511841, 0.9384433031082153, 1.010388731956482]}