{"loss": [0.8871676325798035, 0.8544462323188782, 0.8495709300041199, 0.8481621146202087, 0.8468433618545532, 0.8451220393180847, 0.8445603251457214, 0.8433811664581299, 0.8429223299026489, 0.8414235711097717, 0.8416700959205627, 0.840565025806427, 0.8400679230690002, 0.8393338918685913, 0.8393900394439697, 0.8388573527336121, 0.8373477458953857, 0.8372333645820618, 0.8362464308738708, 0.8361876606941223, 0.8351295590400696, 0.8354177474975586, 0.83441561460495, 0.833701491355896, 0.8332421779632568, 0.8321245312690735, 0.8319768905639648, 0.8309045433998108, 0.8308244943618774, 0.8312291502952576, 0.8300901651382446, 0.8307159543037415, 0.8293504118919373, 0.8291414380073547, 0.8277749419212341, 0.8277314901351929], "val_loss": [0.9442291259765625, 0.9388487339019775, 0.9362854957580566, 0.9347891211509705, 0.9338065385818481, 0.9327154755592346, 0.9327442049980164, 0.932138204574585, 0.931597888469696, 0.9312917590141296, 0.9304803013801575, 0.9304270148277283, 0.9302776455879211, 0.9301633834838867, 0.9299532771110535, 0.9294745922088623, 0.9294089078903198, 0.929118812084198, 0.9291720986366272, 0.9293176531791687, 0.9291033148765564, 0.928702175617218, 0.9288105368614197, 0.9285590648651123, 0.9286242723464966, 0.9285165071487427, 0.9283902645111084, 0.927947461605072, 0.9277639389038086, 0.9277895092964172, 0.9277241826057434, 0.9281067848205566, 0.9280434250831604, 0.9280537366867065, 0.9282127022743225, 0.9279733300209045]}