{"loss": [0.8913009762763977, 0.8558281064033508, 0.8510534763336182, 0.8486807346343994, 0.8472023606300354, 0.84610915184021, 0.8447351455688477, 0.8429259657859802, 0.8429437875747681, 0.8420620560646057, 0.8407330513000488, 0.8404977321624756, 0.8401024341583252, 0.8394870758056641, 0.8383207321166992, 0.8370673656463623, 0.8357312679290771, 0.8360727429389954, 0.8352448344230652, 0.8345921635627747, 0.8344720005989075, 0.8342760801315308, 0.8329634666442871, 0.8323153853416443, 0.832227349281311, 0.8318263292312622], "val_loss": [0.9479042291641235, 0.9383914470672607, 0.9352098107337952, 0.933822512626648, 0.9326258301734924, 0.9315725564956665, 0.930938720703125, 0.93016517162323, 0.9294155240058899, 0.9293315410614014, 0.9287163019180298, 0.9287358522415161, 0.9288895726203918, 0.928331196308136, 0.9279619455337524, 0.9276184439659119, 0.9271855354309082, 0.9273843765258789, 0.9272696375846863, 0.9269227385520935, 0.9269170761108398, 0.9272803664207458, 0.9271693229675293, 0.9273068308830261, 0.9274242520332336, 0.9278268814086914]}