{"loss": [1.057422161102295, 1.028194546699524, 1.0267584323883057, 1.0254374742507935, 1.021482229232788, 1.02061927318573, 1.0195056200027466, 1.0185072422027588, 1.0176390409469604, 1.0162252187728882], "val_loss": [1.2151124477386475, 1.2183090448379517, 1.216737151145935, 1.20704185962677, 1.1848137378692627, 1.2049511671066284, 1.1973645687103271, 1.1988779306411743, 1.2070403099060059, 1.194799542427063], "lr": [