{"loss": [0.45969122648239136, 0.4401455521583557, 0.4370444118976593, 0.431643009185791, 0.42962273955345154, 0.4269793927669525, 0.4248151183128357, 0.42238572239875793, 0.41823872923851013, 0.41799747943878174, 0.41626089811325073, 0.41333216428756714, 0.41160765290260315, 0.4113946855068207, 0.41041216254234314, 0.408831924200058, 0.40835997462272644, 0.4093066155910492, 0.40931937098503113, 0.40854477882385254, 0.40729933977127075, 0.40704625844955444, 0.40671274065971375], "val_loss": [0.5341746807098389, 0.5266087651252747, 0.5247798562049866, 0.5293499231338501, 0.5249084234237671, 0.5196995735168457, 0.5176051259040833, 0.514645516872406, 0.5082414746284485, 0.5149893164634705, 0.5060489177703857, 0.5097952485084534, 0.5061256885528564, 0.5062270760536194, 0.5079993009567261, 0.5030035376548767, 0.5018067359924316, 0.4986759126186371, 0.49895936250686646, 0.4981875419616699, 0.5022113919258118, 0.501262903213501, 0.4990139603614807]}