{"loss": [0.6013293862342834, 0.570445716381073, 0.5700405240058899, 0.5699594616889954, 0.5708163380622864, 0.5711339116096497, 0.5703157186508179, 0.5703238844871521, 0.5700328946113586, 0.5703639984130859, 0.5707701444625854], "val_loss": [0.510948657989502, 0.507964551448822, 0.5091633200645447, 0.5062767267227173, 0.5102240443229675, 0.5045222043991089, 0.5086227655410767, 0.5091891288757324, 0.5049121379852295, 0.5076460242271423, 0.5118221044540405]}