{"loss": [1.0479224920272827, 1.0182020664215088, 1.0150413513183594, 1.0136810541152954, 1.0118752717971802, 1.0137966871261597], "val_loss": [1.019081711769104, 1.0575311183929443, 1.047714114189148, 1.049075961112976, 1.0494277477264404, 1.0534350872039795]}