{"loss": [0.7067418098449707, 0.6804469227790833, 0.6746596097946167, 0.6717908382415771, 0.6693636775016785, 0.667072057723999, 0.6649680733680725, 0.6631456017494202, 0.6616452932357788, 0.6604474186897278, 0.6594799757003784, 0.6586868762969971, 0.6580072641372681], "val_loss": [0.9653460383415222, 0.9521772861480713, 0.9467272758483887, 0.94278883934021, 0.9397994875907898, 0.937737762928009, 0.9364331364631653, 0.9357415437698364, 0.9355263710021973, 0.9356702566146851, 0.9360467195510864, 0.9365155100822449, 0.9369423389434814]}