{"loss": [0.8910561800003052, 0.8671838045120239, 0.8654422163963318, 0.8631786108016968, 0.8624150156974792, 0.8605576753616333, 0.8598666191101074, 0.8584783673286438, 0.8583083152770996, 0.8570582270622253, 0.8562775254249573, 0.8559345006942749, 0.8552995920181274, 0.8546779155731201, 0.8528807163238525, 0.8525758385658264, 0.8519678115844727, 0.8516714572906494, 0.8506187796592712, 0.8504737019538879, 0.8490646481513977, 0.8490814566612244, 0.8482855558395386, 0.8483445644378662, 0.8481110334396362, 0.8472579717636108], "val_loss": [0.6912969946861267, 0.6861210465431213, 0.6842353343963623, 0.6830561757087708, 0.6822896003723145, 0.6816712021827698, 0.6813734173774719, 0.6809363961219788, 0.6805247664451599, 0.6802634596824646, 0.6800761222839355, 0.6799691319465637, 0.6797201037406921, 0.6796720623970032, 0.6793379187583923, 0.6793437600135803, 0.6793391108512878, 0.6791657209396362, 0.6790019273757935, 0.6788158416748047, 0.6784232258796692, 0.6784332394599915, 0.6784164905548096, 0.6783111095428467, 0.6781847476959229, 0.6779694557189941]}