{"loss": [1.0715291500091553, 1.0411216020584106, 1.0366219282150269, 1.034820795059204, 1.0318422317504883, 1.030461072921753, 1.0302910804748535, 1.0284550189971924, 1.0278136730194092, 1.0282200574874878, 1.0277159214019775, 1.027111291885376, 1.0263408422470093, 1.026118516921997, 1.0251296758651733, 1.0251151323318481, 1.0250747203826904, 1.0242897272109985, 1.022538661956787, 1.0211900472640991, 1.021714210510254, 1.0197207927703857, 1.0194716453552246, 1.0192899703979492, 1.018585443496704, 1.0180487632751465, 1.0178968906402588, 1.0171966552734375, 1.016108751296997, 1.0157852172851562], "val_loss": [1.2045934200286865, 1.187988042831421, 1.1780003309249878, 1.1760107278823853, 1.1759003400802612, 1.168163776397705, 1.1709771156311035, 1.1684937477111816, 1.1718523502349854, 1.1746985912322998, 1.166473150253296, 1.171895146369934, 1.1650776863098145, 1.1670955419540405, 1.1641477346420288, 1.166631817817688, 1.1635204553604126, 1.170454978942871, 1.1642292737960815, 1.1630874872207642, 1.1621710062026978, 1.1596699953079224, 1.159327745437622, 1.1600000858306885, 1.1580857038497925, 1.1614311933517456, 1.1584750413894653, 1.1618342399597168, 1.162134051322937, 1.1609270572662354], "lr": [