{
    "loss": [
        0.5639941692352295,
        0.5359649658203125,
        0.532798171043396,
        0.5320594906806946,
        0.5309514403343201,
        0.5288159251213074,
        0.5262802243232727,
        0.5240222811698914,
        0.5229149460792542,
        0.5217072367668152,
        0.5205308198928833,
        0.5188451409339905,
        0.5174069404602051,
        0.5169092416763306,
        0.5165029168128967,
        0.5157865881919861,
        0.5149596929550171,
        0.5143263339996338,
        0.5133349299430847,
        0.5127431750297546
    ],
    "mean_squared_error": [
        0.539295494556427,
        0.5180509686470032,
        0.5137604475021362,
        0.5132924914360046,
        0.5093051791191101,
        0.5030246376991272,
        0.49646276235580444,
        0.492876797914505,
        0.49099329113960266,
        0.48928335309028625,
        0.48788249492645264,
        0.4866897463798523,
        0.4846794009208679,
        0.48376575112342834,
        0.4831298291683197,
        0.4820649027824402,
        0.48105886578559875,
        0.47996196150779724,
        0.4781951308250427,
        0.4770703613758087
    ],
    "val_loss": [
        0.5710650682449341,
        0.5618805885314941,
        0.5610937476158142,
        0.5599432587623596,
        0.5603058338165283,
        0.5578107833862305,
        0.5562069416046143,
        0.5573228597640991,
        0.5517269968986511,
        0.5548851490020752,
        0.5504768490791321,
        0.5465658903121948,
        0.5450618267059326,
        0.5443912744522095,
        0.5455188155174255,
        0.5441252589225769,
        0.5457812547683716,
        0.5434613823890686,
        0.5434694886207581,
        0.5437183976173401
    ],
    "val_mean_squared_error": [
        0.5770415663719177,
        0.5703026056289673,
        0.570090115070343,
        0.5650966167449951,
        0.5647042393684387,
        0.561167299747467,
        0.5555201768875122,
        0.5610526204109192,
        0.5507312417030334,
        0.558362603187561,
        0.5536871552467346,
        0.5533124804496765,
        0.5493976473808289,
        0.5487557053565979,
        0.5524072647094727,
        0.5514401793479919,
        0.5543578863143921,
        0.5524385571479797,
        0.552591860294342,
        0.5527732968330383
    ],
    "lr": [
        